shipped_at,carrier,route,service_level,warehouse,parcel_count,shipping_cost,delay_minutes
2024-01-01,Atlas,PNG-NCD,Standard,Port Moresby,8,270.13,14.2
2024-01-02,Coastal,PNG-LAE,Express,Lae,9,281.95,17.38
2024-01-03,Northern,AUS-SYD,Priority,Sydney,10,314.27,18.43
2024-01-04,Pacific,AUS-BNE,Standard,Brisbane,11,323.16,36.63
2024-01-05,Atlas,NZ-AKL,Express,Port Moresby,12,327.02,18.93
2024-01-06,Coastal,PNG-NCD,Priority,Lae,13,336.29,13.83
2024-01-07,Northern,PNG-LAE,Standard,Sydney,14,351.12,30.44
2024-01-08,Pacific,AUS-SYD,Express,Brisbane,15,331.45,35.02
2024-01-09,Atlas,AUS-BNE,Priority,Port Moresby,16,356.22,30.93
2024-01-10,Coastal,NZ-AKL,Standard,Lae,17,378.08,26.53
2024-01-11,Northern,PNG-NCD,Express,Sydney,18,403.48,22.94
2024-01-12,Pacific,PNG-LAE,Priority,Brisbane,19,368.51,13.84
2024-01-13,Atlas,AUS-SYD,Standard,Port Moresby,20,369.35,19.67
2024-01-14,Coastal,AUS-BNE,Express,Lae,21,395.6,27.53
2024-01-15,Northern,NZ-AKL,Priority,Sydney,22,369.71,13.25
2024-01-16,Pacific,PNG-NCD,Standard,Brisbane,23,404.15,31.96
2024-01-17,Atlas,PNG-LAE,Express,Port Moresby,8,290.69,19.91
2024-01-18,Coastal,AUS-SYD,Priority,Lae,9,330.34,27.39
2024-01-19,Northern,AUS-BNE,Standard,Sydney,10,315.04,14.55
2024-01-20,Pacific,NZ-AKL,Express,Brisbane,11,338.32,5.95
2024-01-21,Atlas,PNG-NCD,Priority,Port Moresby,12,355.04,6.67
2024-01-22,Coastal,PNG-LAE,Standard,Lae,13,347.59,25.34
2024-01-23,Northern,AUS-SYD,Express,Sydney,14,311.35,25.59
2024-01-24,Pacific,AUS-BNE,Priority,Brisbane,15,344.23,20.22
2024-01-25,Atlas,NZ-AKL,Standard,Port Moresby,16,316.67,27.35
2024-01-26,Coastal,PNG-NCD,Express,Lae,17,331.16,30.92
2024-01-27,Northern,PNG-LAE,Priority,Sydney,18,370.07,22.1
2024-01-28,Pacific,AUS-SYD,Standard,Brisbane,19,379.91,20.74
2024-01-29,Atlas,AUS-BNE,Express,Port Moresby,20,378.31,10.32
2024-01-30,Coastal,NZ-AKL,Priority,Lae,21,406.02,4.85
2024-01-31,Northern,PNG-NCD,Standard,Sydney,22,398.65,24.3
2024-02-01,Pacific,PNG-LAE,Express,Brisbane,23,422.82,21.36
2024-02-02,Atlas,AUS-SYD,Priority,Port Moresby,8,328.69,10.82
2024-02-03,Coastal,AUS-BNE,Standard,Lae,9,280.24,37.19
2024-02-04,Northern,NZ-AKL,Express,Sydney,10,269.42,25.23
2024-02-05,Pacific,PNG-NCD,Priority,Brisbane,11,291.12,19.67
2024-02-06,Atlas,PNG-LAE,Standard,Port Moresby,12,304.05,17.91
2024-02-07,Coastal,AUS-SYD,Express,Lae,13,300.93,18.85
2024-02-08,Northern,AUS-BNE,Priority,Sydney,14,320.66,9.64
2024-02-09,Pacific,NZ-AKL,Standard,Brisbane,15,360.2,28.2
2024-02-10,Atlas,PNG-NCD,Express,Port Moresby,16,377.83,27.11
2024-02-11,Coastal,PNG-LAE,Priority,Lae,17,346.46,25.51
2024-02-12,Northern,AUS-SYD,Standard,Sydney,18,355.33,26.74
2024-02-13,Pacific,AUS-BNE,Express,Brisbane,19,414.16,35.32
2024-02-14,Atlas,NZ-AKL,Priority,Port Moresby,20,361.67,27.52
2024-02-15,Coastal,PNG-NCD,Standard,Lae,21,379.52,19.52
2024-02-16,Northern,PNG-LAE,Express,Sydney,22,357.33,5.78
2024-02-17,Pacific,AUS-SYD,Priority,Brisbane,23,379.36,17.22
2024-02-18,Atlas,AUS-BNE,Standard,Port Moresby,8,302.0,34.18
2024-02-19,Coastal,NZ-AKL,Express,Lae,9,329.09,14.19
2024-02-20,Northern,PNG-NCD,Priority,Sydney,10,335.45,14.38
2024-02-21,Pacific,PNG-LAE,Standard,Brisbane,11,331.89,35.83
2024-02-22,Atlas,AUS-SYD,Express,Port Moresby,12,331.77,25.38
2024-02-23,Coastal,AUS-BNE,Priority,Lae,13,339.17,23.2
2024-02-24,Northern,NZ-AKL,Standard,Sydney,14,340.25,21.19
2024-02-25,Pacific,PNG-NCD,Express,Brisbane,15,303.77,14.58
2024-02-26,Atlas,PNG-LAE,Priority,Port Moresby,16,357.83,9.09
2024-02-27,Coastal,AUS-SYD,Standard,Lae,17,358.51,33.94
2024-02-28,Northern,AUS-BNE,Express,Sydney,18,373.83,16.85
2024-02-29,Pacific,NZ-AKL,Priority,Brisbane,19,347.55,13.55
2024-03-01,Atlas,PNG-NCD,Standard,Port Moresby,20,383.13,40.08
2024-03-02,Coastal,PNG-LAE,Express,Lae,21,396.55,22.99
2024-03-03,Northern,AUS-SYD,Priority,Sydney,22,413.51,26.09
2024-03-04,Pacific,AUS-BNE,Standard,Brisbane,23,422.99,25.68
2024-03-05,Atlas,NZ-AKL,Express,Port Moresby,8,312.69,22.03
2024-03-06,Coastal,PNG-NCD,Priority,Lae,9,329.55,14.24
2024-03-07,Northern,PNG-LAE,Standard,Sydney,10,299.35,34.76
2024-03-08,Pacific,AUS-SYD,Express,Brisbane,11,310.0,15.32
2024-03-09,Atlas,AUS-BNE,Priority,Port Moresby,12,289.76,17.96
2024-03-10,Coastal,NZ-AKL,Standard,Lae,13,313.16,31.34
2024-03-11,Northern,PNG-NCD,Express,Sydney,14,310.09,28.93
2024-03-12,Pacific,PNG-LAE,Priority,Brisbane,15,334.57,25.33
2024-03-13,Atlas,AUS-SYD,Standard,Port Moresby,16,331.13,26.97
2024-03-14,Coastal,AUS-BNE,Express,Lae,17,342.72,20.96
2024-03-15,Northern,NZ-AKL,Priority,Sydney,18,396.04,13.87
2024-03-16,Pacific,PNG-NCD,Standard,Brisbane,19,387.39,27.53
2024-03-17,Atlas,PNG-LAE,Express,Port Moresby,20,400.49,26.85
2024-03-18,Coastal,AUS-SYD,Priority,Lae,21,385.77,18.1
2024-03-19,Northern,AUS-BNE,Standard,Sydney,22,391.54,38.13
2024-03-20,Pacific,NZ-AKL,Express,Brisbane,23,375.18,28.36
2024-03-21,Atlas,PNG-NCD,Priority,Port Moresby,8,272.3,18.31
2024-03-22,Coastal,PNG-LAE,Standard,Lae,9,280.19,28.18
2024-03-23,Northern,AUS-SYD,Express,Sydney,10,303.89,18.26
2024-03-24,Pacific,AUS-BNE,Priority,Brisbane,11,323.25,5.91
2024-03-25,Atlas,NZ-AKL,Standard,Port Moresby,12,319.63,27.08
2024-03-26,Coastal,PNG-NCD,Express,Lae,13,340.67,22.01
2024-03-27,Northern,PNG-LAE,Priority,Sydney,14,335.73,16.71
2024-03-28,Pacific,AUS-SYD,Standard,Brisbane,15,353.06,33.76
2024-03-29,Atlas,AUS-BNE,Express,Port Moresby,16,322.61,30.56
2024-03-30,Coastal,NZ-AKL,Priority,Lae,17,357.91,28.85
2024-03-31,Northern,PNG-NCD,Standard,Sydney,18,328.63,13.7
2024-04-01,Pacific,PNG-LAE,Express,Brisbane,19,372.81,10.51
2024-04-02,Atlas,AUS-SYD,Priority,Port Moresby,20,385.81,14.62
2024-04-03,Coastal,AUS-BNE,Standard,Lae,21,406.35,34.92
2024-04-04,Northern,NZ-AKL,Express,Sydney,22,385.33,23.09
2024-04-05,Pacific,PNG-NCD,Priority,Brisbane,23,385.28,16.3
2024-04-06,Atlas,PNG-LAE,Standard,Port Moresby,8,337.22,38.97
2024-04-07,Coastal,AUS-SYD,Express,Lae,9,316.06,30.51
2024-04-08,Northern,AUS-BNE,Priority,Sydney,10,356.59,22.77
2024-04-09,Pacific,NZ-AKL,Standard,Brisbane,11,292.22,26.25
2024-04-10,Atlas,PNG-NCD,Express,Port Moresby,12,326.73,17.46
2024-04-11,Coastal,PNG-LAE,Priority,Lae,13,338.09,16.1
2024-04-12,Northern,AUS-SYD,Standard,Sydney,14,340.7,28.68
2024-04-13,Pacific,AUS-BNE,Express,Brisbane,15,349.03,20.22
2024-04-14,Atlas,NZ-AKL,Priority,Port Moresby,16,343.9,16.53
2024-04-15,Coastal,PNG-NCD,Standard,Lae,17,344.41,30.26
2024-04-16,Northern,PNG-LAE,Express,Sydney,18,397.12,28.55
2024-04-17,Pacific,AUS-SYD,Priority,Brisbane,19,367.96,19.68
2024-04-18,Atlas,AUS-BNE,Standard,Port Moresby,20,370.24,27.2
2024-04-19,Coastal,NZ-AKL,Express,Lae,21,382.06,19.28
2024-04-20,Northern,PNG-NCD,Priority,Sydney,22,388.93,18.71
2024-04-21,Pacific,PNG-LAE,Standard,Brisbane,23,355.58,25.26
2024-04-22,Atlas,AUS-SYD,Express,Port Moresby,8,302.15,14.96
2024-04-23,Coastal,AUS-BNE,Priority,Lae,9,291.22,12.92
2024-04-24,Northern,NZ-AKL,Standard,Sydney,10,326.72,40.28
2024-04-25,Pacific,PNG-NCD,Express,Brisbane,11,336.0,22.78
2024-04-26,Atlas,PNG-LAE,Priority,Port Moresby,12,326.07,24.6
2024-04-27,Coastal,AUS-SYD,Standard,Lae,13,349.7,16.28
2024-04-28,Northern,AUS-BNE,Express,Sydney,14,347.43,10.53
2024-04-29,Pacific,NZ-AKL,Priority,Brisbane,15,374.67,10.88
2024-04-30,Atlas,PNG-NCD,Standard,Port Moresby,16,373.37,24.77
2024-05-01,Coastal,PNG-LAE,Express,Lae,17,354.97,21.04
2024-05-02,Northern,AUS-SYD,Priority,Sydney,18,366.93,16.62
2024-05-03,Pacific,AUS-BNE,Standard,Brisbane,19,383.59,44.12
2024-05-04,Atlas,NZ-AKL,Express,Port Moresby,20,367.39,24.87
2024-05-05,Coastal,PNG-NCD,Priority,Lae,21,373.5,26.69
2024-05-06,Northern,PNG-LAE,Standard,Sydney,22,416.14,26.7
2024-05-07,Pacific,AUS-SYD,Express,Brisbane,23,417.57,7.89
2024-05-08,Atlas,AUS-BNE,Priority,Port Moresby,8,293.75,14.34
2024-05-09,Coastal,NZ-AKL,Standard,Lae,9,338.58,29.18
2024-05-10,Northern,PNG-NCD,Express,Sydney,10,306.64,27.83
2024-05-11,Pacific,PNG-LAE,Priority,Brisbane,11,358.31,15.13
2024-05-12,Atlas,AUS-SYD,Standard,Port Moresby,12,319.97,31.31
2024-05-13,Coastal,AUS-BNE,Express,Lae,13,338.29,22.45
2024-05-14,Northern,NZ-AKL,Priority,Sydney,14,323.06,34.24
2024-05-15,Pacific,PNG-NCD,Standard,Brisbane,15,321.71,20.12
2024-05-16,Atlas,PNG-LAE,Express,Port Moresby,16,339.23,5.88
2024-05-17,Coastal,AUS-SYD,Priority,Lae,17,333.43,11.84
2024-05-18,Northern,AUS-BNE,Standard,Sydney,18,353.97,37.1
2024-05-19,Pacific,NZ-AKL,Express,Brisbane,19,372.12,13.11
2024-05-20,Atlas,PNG-NCD,Priority,Port Moresby,20,413.2,25.11
2024-05-21,Coastal,PNG-LAE,Standard,Lae,21,408.25,40.64
2024-05-22,Northern,AUS-SYD,Express,Sydney,22,390.57,24.96
2024-05-23,Pacific,AUS-BNE,Priority,Brisbane,23,395.14,29.73
2024-05-24,Atlas,NZ-AKL,Standard,Port Moresby,8,263.63,24.7
2024-05-25,Coastal,PNG-NCD,Express,Lae,9,291.17,5.49
2024-05-26,Northern,PNG-LAE,Priority,Sydney,10,281.36,7.41
2024-05-27,Pacific,AUS-SYD,Standard,Brisbane,11,333.42,29.08
2024-05-28,Atlas,AUS-BNE,Express,Port Moresby,12,338.0,22.1
2024-05-29,Coastal,NZ-AKL,Priority,Lae,13,314.62,15.19
2024-05-30,Northern,PNG-NCD,Standard,Sydney,14,335.56,27.26
2024-05-31,Pacific,PNG-LAE,Express,Brisbane,15,352.59,34.09
2024-06-01,Atlas,AUS-SYD,Priority,Port Moresby,16,365.14,19.2
2024-06-02,Coastal,AUS-BNE,Standard,Lae,17,400.28,22.74
2024-06-03,Northern,NZ-AKL,Express,Sydney,18,317.9,14.68
2024-06-04,Pacific,PNG-NCD,Priority,Brisbane,19,340.81,5.38
2024-06-05,Atlas,PNG-LAE,Standard,Port Moresby,20,361.61,30.27
2024-06-06,Coastal,AUS-SYD,Express,Lae,21,361.73,20.1
2024-06-07,Northern,AUS-BNE,Priority,Sydney,22,395.54,11.54
2024-06-08,Pacific,NZ-AKL,Standard,Brisbane,23,423.11,27.62
2024-06-09,Atlas,PNG-NCD,Express,Port Moresby,8,304.93,28.93
2024-06-10,Coastal,PNG-LAE,Priority,Lae,9,340.86,27.17
2024-06-11,Northern,AUS-SYD,Standard,Sydney,10,318.47,20.46
2024-06-12,Pacific,AUS-BNE,Express,Brisbane,11,342.46,23.06
2024-06-13,Atlas,NZ-AKL,Priority,Port Moresby,12,331.95,3.09
2024-06-14,Coastal,PNG-NCD,Standard,Lae,13,327.87,25.41
2024-06-15,Northern,PNG-LAE,Express,Sydney,14,335.31,23.91
2024-06-16,Pacific,AUS-SYD,Priority,Brisbane,15,347.93,23.23
2024-06-17,Atlas,AUS-BNE,Standard,Port Moresby,16,334.29,27.2
2024-06-18,Coastal,NZ-AKL,Express,Lae,17,356.53,34.44
2024-06-19,Northern,PNG-NCD,Priority,Sydney,18,346.63,31.22
2024-06-20,Pacific,PNG-LAE,Standard,Brisbane,19,373.05,24.52
2024-06-21,Atlas,AUS-SYD,Express,Port Moresby,20,392.75,20.01
2024-06-22,Coastal,AUS-BNE,Priority,Lae,21,371.97,16.77
2024-06-23,Northern,NZ-AKL,Standard,Sydney,22,404.17,24.48
2024-06-24,Pacific,PNG-NCD,Express,Brisbane,23,391.91,16.19
2024-06-25,Atlas,PNG-LAE,Priority,Port Moresby,8,254.3,26.8
2024-06-26,Coastal,AUS-SYD,Standard,Lae,9,290.85,44.2
2024-06-27,Northern,AUS-BNE,Express,Sydney,10,302.87,24.36
2024-06-28,Pacific,NZ-AKL,Priority,Brisbane,11,324.93,20.64
2024-06-29,Atlas,PNG-NCD,Standard,Port Moresby,12,313.63,26.06
2024-06-30,Coastal,PNG-LAE,Express,Lae,13,352.12,11.37
2024-07-01,Northern,AUS-SYD,Priority,Sydney,14,321.85,9.42
2024-07-02,Pacific,AUS-BNE,Standard,Brisbane,15,374.42,32.58
2024-07-03,Atlas,NZ-AKL,Express,Port Moresby,16,385.21,19.56
2024-07-04,Coastal,PNG-NCD,Priority,Lae,17,400.05,18.93
2024-07-05,Northern,PNG-LAE,Standard,Sydney,18,384.36,43.04
2024-07-06,Pacific,AUS-SYD,Express,Brisbane,19,352.06,34.22
2024-07-07,Atlas,AUS-BNE,Priority,Port Moresby,20,373.99,18.62
2024-07-08,Coastal,NZ-AKL,Standard,Lae,21,377.63,26.8
2024-07-09,Northern,PNG-NCD,Express,Sydney,22,385.0,11.18
2024-07-10,Pacific,PNG-LAE,Priority,Brisbane,23,369.9,14.7
2024-07-11,Atlas,AUS-SYD,Standard,Port Moresby,8,288.86,30.05
2024-07-12,Coastal,AUS-BNE,Express,Lae,9,305.94,25.02
2024-07-13,Northern,NZ-AKL,Priority,Sydney,10,312.34,10.76
2024-07-14,Pacific,PNG-NCD,Standard,Brisbane,11,351.35,32.75
2024-07-15,Atlas,PNG-LAE,Express,Port Moresby,12,368.9,24.74
2024-07-16,Coastal,AUS-SYD,Priority,Lae,13,378.4,34.26
2024-07-17,Northern,AUS-BNE,Standard,Sydney,14,295.13,23.48
2024-07-18,Pacific,NZ-AKL,Express,Brisbane,15,321.48,19.82
2024-07-19,Atlas,PNG-NCD,Priority,Port Moresby,16,349.37,19.95
2024-07-20,Coastal,PNG-LAE,Standard,Lae,17,330.35,30.14
2024-07-21,Northern,AUS-SYD,Express,Sydney,18,375.97,13.23
2024-07-22,Pacific,AUS-BNE,Priority,Brisbane,19,347.2,24.01
2024-07-23,Atlas,NZ-AKL,Standard,Port Moresby,20,374.15,33.29
2024-07-24,Coastal,PNG-NCD,Express,Lae,21,395.7,30.69
2024-07-25,Northern,PNG-LAE,Priority,Sydney,22,412.35,34.28
2024-07-26,Pacific,AUS-SYD,Standard,Brisbane,23,405.96,25.74
2024-07-27,Atlas,AUS-BNE,Express,Port Moresby,8,323.57,14.93
2024-07-28,Coastal,NZ-AKL,Priority,Lae,9,280.39,14.49
2024-07-29,Northern,PNG-NCD,Standard,Sydney,10,282.73,21.24
2024-07-30,Pacific,PNG-LAE,Express,Brisbane,11,319.96,21.58
2024-07-31,Atlas,AUS-SYD,Priority,Port Moresby,12,311.28,20.11
2024-08-01,Coastal,AUS-BNE,Standard,Lae,13,314.9,31.09
2024-08-02,Northern,NZ-AKL,Express,Sydney,14,335.55,37.73
2024-08-03,Pacific,PNG-NCD,Priority,Brisbane,15,337.21,33.7
2024-08-04,Atlas,PNG-LAE,Standard,Port Moresby,16,359.02,14.21
2024-08-05,Coastal,AUS-SYD,Express,Lae,17,389.41,13.54
2024-08-06,Northern,AUS-BNE,Priority,Sydney,18,402.43,10.81
2024-08-07,Pacific,NZ-AKL,Standard,Brisbane,19,368.33,31.47
2024-08-08,Atlas,PNG-NCD,Express,Port Moresby,20,376.5,18.35
2024-08-09,Coastal,PNG-LAE,Priority,Lae,21,359.61,11.17
2024-08-10,Northern,AUS-SYD,Standard,Sydney,22,380.82,42.44
2024-08-11,Pacific,AUS-BNE,Express,Brisbane,23,408.32,32.61
2024-08-12,Atlas,NZ-AKL,Priority,Port Moresby,8,319.0,28.68
2024-08-13,Coastal,PNG-NCD,Standard,Lae,9,322.15,21.16
2024-08-14,Northern,PNG-LAE,Express,Sydney,10,295.67,9.02
2024-08-15,Pacific,AUS-SYD,Priority,Brisbane,11,307.14,17.03
2024-08-16,Atlas,AUS-BNE,Standard,Port Moresby,12,311.45,29.17
2024-08-17,Coastal,NZ-AKL,Express,Lae,13,340.79,27.07
2024-08-18,Northern,PNG-NCD,Priority,Sydney,14,361.34,21.02
2024-08-19,Pacific,PNG-LAE,Standard,Brisbane,15,302.24,31.97
2024-08-20,Atlas,AUS-SYD,Express,Port Moresby,16,362.98,32.74
2024-08-21,Coastal,AUS-BNE,Priority,Lae,17,347.41,31.04
2024-08-22,Northern,NZ-AKL,Standard,Sydney,18,374.28,13.33
2024-08-23,Pacific,PNG-NCD,Express,Brisbane,19,392.98,16.96
2024-08-24,Atlas,PNG-LAE,Priority,Port Moresby,20,374.75,15.04
2024-08-25,Coastal,AUS-SYD,Standard,Lae,21,379.45,35.0
2024-08-26,Northern,AUS-BNE,Express,Sydney,22,413.91,24.12
2024-08-27,Pacific,NZ-AKL,Priority,Brisbane,23,391.51,27.39
2024-08-28,Atlas,PNG-NCD,Standard,Port Moresby,8,311.79,42.79
2024-08-29,Coastal,PNG-LAE,Express,Lae,9,301.55,22.03
2024-08-30,Northern,AUS-SYD,Priority,Sydney,10,273.42,20.16
2024-08-31,Pacific,AUS-BNE,Standard,Brisbane,11,293.25,24.77
2024-09-01,Atlas,NZ-AKL,Express,Port Moresby,12,305.03,22.34
2024-09-02,Coastal,PNG-NCD,Priority,Lae,13,345.72,18.03
2024-09-03,Northern,PNG-LAE,Standard,Sydney,14,320.78,30.63
2024-09-04,Pacific,AUS-SYD,Express,Brisbane,15,347.8,14.85
2024-09-05,Atlas,AUS-BNE,Priority,Port Moresby,16,344.66,19.6
2024-09-06,Coastal,NZ-AKL,Standard,Lae,17,366.14,29.44
2024-09-07,Northern,PNG-NCD,Express,Sydney,18,400.79,22.58
2024-09-08,Pacific,PNG-LAE,Priority,Brisbane,19,395.73,30.17
2024-09-09,Atlas,AUS-SYD,Standard,Port Moresby,20,403.28,27.17
2024-09-10,Coastal,AUS-BNE,Express,Lae,21,367.5,20.25
2024-09-11,Northern,NZ-AKL,Priority,Sydney,22,348.56,3.62
2024-09-12,Pacific,PNG-NCD,Standard,Brisbane,23,392.78,29.58
2024-09-13,Atlas,PNG-LAE,Express,Port Moresby,8,299.81,26.41
2024-09-14,Coastal,AUS-SYD,Priority,Lae,9,297.41,21.5
2024-09-15,Northern,AUS-BNE,Standard,Sydney,10,312.39,37.69
2024-09-16,Pacific,NZ-AKL,Express,Brisbane,11,311.43,37.02
2024-09-17,Atlas,PNG-NCD,Priority,Port Moresby,12,332.56,31.68
2024-09-18,Coastal,PNG-LAE,Standard,Lae,13,354.17,17.35
2024-09-19,Northern,AUS-SYD,Express,Sydney,14,331.01,6.48
2024-09-20,Pacific,AUS-BNE,Priority,Brisbane,15,361.68,11.52
2024-09-21,Atlas,NZ-AKL,Standard,Port Moresby,16,315.22,30.12
2024-09-22,Coastal,PNG-NCD,Express,Lae,17,331.69,25.53
2024-09-23,Northern,PNG-LAE,Priority,Sydney,18,365.38,25.49
2024-09-24,Pacific,AUS-SYD,Standard,Brisbane,19,389.15,28.75
2024-09-25,Atlas,AUS-BNE,Express,Port Moresby,20,366.38,29.91
2024-09-26,Coastal,NZ-AKL,Priority,Lae,21,374.05,25.6
2024-09-27,Northern,PNG-NCD,Standard,Sydney,22,381.71,16.46
2024-09-28,Pacific,PNG-LAE,Express,Brisbane,23,382.82,10.62
2024-09-29,Atlas,AUS-SYD,Priority,Port Moresby,8,305.13,13.88
2024-09-30,Coastal,AUS-BNE,Standard,Lae,9,308.15,34.78
2024-10-01,Northern,NZ-AKL,Express,Sydney,10,313.78,18.49
2024-10-02,Pacific,PNG-NCD,Priority,Brisbane,11,303.27,15.63
2024-10-03,Atlas,PNG-LAE,Standard,Port Moresby,12,323.97,35.37
2024-10-04,Coastal,AUS-SYD,Express,Lae,13,320.81,28.78
2024-10-05,Northern,AUS-BNE,Priority,Sydney,14,319.97,17.62
2024-10-06,Pacific,NZ-AKL,Standard,Brisbane,15,365.49,21.1
2024-10-07,Atlas,PNG-NCD,Express,Port Moresby,16,377.17,9.27
2024-10-08,Coastal,PNG-LAE,Priority,Lae,17,353.91,3.71
2024-10-09,Northern,AUS-SYD,Standard,Sydney,18,372.22,35.08
2024-10-10,Pacific,AUS-BNE,Express,Brisbane,19,391.48,21.07
2024-10-11,Atlas,NZ-AKL,Priority,Port Moresby,20,395.52,25.25
2024-10-12,Coastal,PNG-NCD,Standard,Lae,21,400.2,42.28
2024-10-13,Northern,PNG-LAE,Express,Sydney,22,383.01,33.55
2024-10-14,Pacific,AUS-SYD,Priority,Brisbane,23,373.63,24.41
2024-10-15,Atlas,AUS-BNE,Standard,Port Moresby,8,291.37,15.5
2024-10-16,Coastal,NZ-AKL,Express,Lae,9,300.93,6.72
2024-10-17,Northern,PNG-NCD,Priority,Sydney,10,308.73,16.56
2024-10-18,Pacific,PNG-LAE,Standard,Brisbane,11,306.88,37.0
2024-10-19,Atlas,AUS-SYD,Express,Port Moresby,12,339.42,14.74
2024-10-20,Coastal,AUS-BNE,Priority,Lae,13,366.13,17.09
2024-10-21,Northern,NZ-AKL,Standard,Sydney,14,366.72,32.5
2024-10-22,Pacific,PNG-NCD,Express,Brisbane,15,385.14,33.39
2024-10-23,Atlas,PNG-LAE,Priority,Port Moresby,16,354.95,26.36
2024-10-24,Coastal,AUS-SYD,Standard,Lae,17,338.0,12.82
2024-10-25,Northern,AUS-BNE,Express,Sydney,18,328.54,11.39
2024-10-26,Pacific,NZ-AKL,Priority,Brisbane,19,357.56,11.03
2024-10-27,Atlas,PNG-NCD,Standard,Port Moresby,20,375.34,28.48
2024-10-28,Coastal,PNG-LAE,Express,Lae,21,370.54,23.64
2024-10-29,Northern,AUS-SYD,Priority,Sydney,22,371.94,27.83
2024-10-30,Pacific,AUS-BNE,Standard,Brisbane,23,414.16,31.79
2024-10-31,Atlas,NZ-AKL,Express,Port Moresby,8,298.5,34.71
2024-11-01,Coastal,PNG-NCD,Priority,Lae,9,319.78,29.96
2024-11-02,Northern,PNG-LAE,Standard,Sydney,10,317.49,26.68
2024-11-03,Pacific,AUS-SYD,Express,Brisbane,11,331.76,17.53
2024-11-04,Atlas,AUS-BNE,Priority,Port Moresby,12,331.89,13.31
2024-11-05,Coastal,NZ-AKL,Standard,Lae,13,332.32,32.26
2024-11-06,Northern,PNG-NCD,Express,Sydney,14,336.84,13.08
2024-11-07,Pacific,PNG-LAE,Priority,Brisbane,15,335.6,27.41
2024-11-08,Atlas,AUS-SYD,Standard,Port Moresby,16,363.06,40.37
2024-11-09,Coastal,AUS-BNE,Express,Lae,17,362.27,32.79
2024-11-10,Northern,NZ-AKL,Priority,Sydney,18,373.09,20.27
2024-11-11,Pacific,PNG-NCD,Standard,Brisbane,19,386.1,23.16
2024-11-12,Atlas,PNG-LAE,Express,Port Moresby,20,408.26,8.06
2024-11-13,Coastal,AUS-SYD,Priority,Lae,21,409.94,3.37
2024-11-14,Northern,AUS-BNE,Standard,Sydney,22,435.15,21.18
2024-11-15,Pacific,NZ-AKL,Express,Brisbane,23,350.54,18.25
2024-11-16,Atlas,PNG-NCD,Priority,Port Moresby,8,264.33,22.43
2024-11-17,Coastal,PNG-LAE,Standard,Lae,9,289.07,40.35
2024-11-18,Northern,AUS-SYD,Express,Sydney,10,327.63,35.51
2024-11-19,Pacific,AUS-BNE,Priority,Brisbane,11,327.97,18.32
2024-11-20,Atlas,NZ-AKL,Standard,Port Moresby,12,305.59,15.73
2024-11-21,Coastal,PNG-NCD,Express,Lae,13,326.38,17.32
2024-11-22,Northern,PNG-LAE,Priority,Sydney,14,347.9,8.45
2024-11-23,Pacific,AUS-SYD,Standard,Brisbane,15,339.03,35.62
2024-11-24,Atlas,AUS-BNE,Express,Port Moresby,16,358.83,18.98
2024-11-25,Coastal,NZ-AKL,Priority,Lae,17,392.96,22.98
2024-11-26,Northern,PNG-NCD,Standard,Sydney,18,352.38,38.88
2024-11-27,Pacific,PNG-LAE,Express,Brisbane,19,361.05,23.26
2024-11-28,Atlas,AUS-SYD,Priority,Port Moresby,20,351.56,27.25
2024-11-29,Coastal,AUS-BNE,Standard,Lae,21,360.87,29.51
2024-11-30,Northern,NZ-AKL,Express,Sydney,22,375.37,10.6
2024-12-01,Pacific,PNG-NCD,Priority,Brisbane,23,380.9,15.49
2024-12-02,Atlas,PNG-LAE,Standard,Port Moresby,8,293.44,25.48
2024-12-03,Coastal,AUS-SYD,Express,Lae,9,337.85,26.92
2024-12-04,Northern,AUS-BNE,Priority,Sydney,10,312.04,12.19
2024-12-05,Pacific,NZ-AKL,Standard,Brisbane,11,344.71,33.23
2024-12-06,Atlas,PNG-NCD,Express,Port Moresby,12,371.91,34.53
2024-12-07,Coastal,PNG-LAE,Priority,Lae,13,337.0,31.68
2024-12-08,Northern,AUS-SYD,Standard,Sydney,14,310.97,17.18
2024-12-09,Pacific,AUS-BNE,Express,Brisbane,15,344.78,11.63
2024-12-10,Atlas,NZ-AKL,Priority,Port Moresby,16,340.33,7.42
2024-12-11,Coastal,PNG-NCD,Standard,Lae,17,352.85,22.84
2024-12-12,Northern,PNG-LAE,Express,Sydney,18,366.62,29.39
2024-12-13,Pacific,AUS-SYD,Priority,Brisbane,19,385.79,12.47
2024-12-14,Atlas,AUS-BNE,Standard,Port Moresby,20,391.86,36.96
2024-12-15,Coastal,NZ-AKL,Express,Lae,21,381.84,31.86
2024-12-16,Northern,PNG-NCD,Priority,Sydney,22,408.21,28.68
2024-12-17,Pacific,PNG-LAE,Standard,Brisbane,23,392.39,19.44
2024-12-18,Atlas,AUS-SYD,Express,Port Moresby,8,291.45,7.21
2024-12-19,Coastal,AUS-BNE,Priority,Lae,9,304.89,2.89
2024-12-20,Northern,NZ-AKL,Standard,Sydney,10,303.27,35.92
2024-12-21,Pacific,PNG-NCD,Express,Brisbane,11,305.88,29.43
2024-12-22,Atlas,PNG-LAE,Priority,Port Moresby,12,342.31,18.59
2024-12-23,Coastal,AUS-SYD,Standard,Lae,13,315.47,43.75
2024-12-24,Northern,AUS-BNE,Express,Sydney,14,332.66,31.43
2024-12-25,Pacific,NZ-AKL,Priority,Brisbane,15,375.44,18.81
2024-12-26,Atlas,PNG-NCD,Standard,Port Moresby,16,367.58,21.63
2024-12-27,Coastal,PNG-LAE,Express,Lae,17,386.27,22.26
2024-12-28,Northern,AUS-SYD,Priority,Sydney,18,407.23,5.95
2024-12-29,Pacific,AUS-BNE,Standard,Brisbane,19,372.02,22.36
2024-12-30,Atlas,NZ-AKL,Express,Port Moresby,20,384.58,30.55
2024-12-31,Coastal,PNG-NCD,Priority,Lae,21,366.33,18.92
2025-01-01,Northern,PNG-LAE,Standard,Sydney,22,406.51,43.72
2025-01-02,Pacific,AUS-SYD,Express,Brisbane,23,416.43,35.58
2025-01-03,Atlas,AUS-BNE,Priority,Port Moresby,8,272.51,27.42
2025-01-04,Coastal,NZ-AKL,Standard,Lae,9,288.4,29.69
2025-01-05,Northern,PNG-NCD,Express,Sydney,10,308.65,23.2
2025-01-06,Pacific,PNG-LAE,Priority,Brisbane,11,333.38,11.69
2025-01-07,Atlas,AUS-SYD,Standard,Port Moresby,12,365.62,34.52
2025-01-08,Coastal,AUS-BNE,Express,Lae,13,350.24,16.07
2025-01-09,Northern,NZ-AKL,Priority,Sydney,14,297.2,12.92
2025-01-10,Pacific,PNG-NCD,Standard,Brisbane,15,326.74,31.03
2025-01-11,Atlas,PNG-LAE,Express,Port Moresby,16,322.24,33.06
2025-01-12,Coastal,AUS-SYD,Priority,Lae,17,365.99,27.42
2025-01-13,Northern,AUS-BNE,Standard,Sydney,18,374.65,15.16
2025-01-14,Pacific,NZ-AKL,Express,Brisbane,19,390.59,21.55
2025-01-15,Atlas,PNG-NCD,Priority,Port Moresby,20,399.48,12.08
2025-01-16,Coastal,PNG-LAE,Standard,Lae,21,369.27,31.25
2025-01-17,Northern,AUS-SYD,Express,Sydney,22,385.16,15.13
2025-01-18,Pacific,AUS-BNE,Priority,Brisbane,23,403.3,14.46
2025-01-19,Atlas,NZ-AKL,Standard,Port Moresby,8,306.34,30.64
2025-01-20,Coastal,PNG-NCD,Express,Lae,9,299.96,36.97
2025-01-21,Northern,PNG-LAE,Priority,Sydney,10,285.61,30.21
2025-01-22,Pacific,AUS-SYD,Standard,Brisbane,11,280.13,23.77
2025-01-23,Atlas,AUS-BNE,Express,Port Moresby,12,328.1,6.52
2025-01-24,Coastal,NZ-AKL,Priority,Lae,13,307.0,8.32
2025-01-25,Northern,PNG-NCD,Standard,Sydney,14,333.3,28.25
2025-01-26,Pacific,PNG-LAE,Express,Brisbane,15,370.73,25.26
2025-01-27,Atlas,AUS-SYD,Priority,Port Moresby,16,349.1,12.11
2025-01-28,Coastal,AUS-BNE,Standard,Lae,17,392.89,31.71
2025-01-29,Northern,NZ-AKL,Express,Sydney,18,386.8,23.74
2025-01-30,Pacific,PNG-NCD,Priority,Brisbane,19,370.85,19.96
2025-01-31,Atlas,PNG-LAE,Standard,Port Moresby,20,371.13,22.9
2025-02-01,Coastal,AUS-SYD,Express,Lae,21,363.37,15.29
2025-02-02,Northern,AUS-BNE,Priority,Sydney,22,376.9,12.48
2025-02-03,Pacific,NZ-AKL,Standard,Brisbane,23,398.03,23.13
2025-02-04,Atlas,PNG-NCD,Express,Port Moresby,8,281.61,26.19
2025-02-05,Coastal,PNG-LAE,Priority,Lae,9,326.52,11.47
2025-02-06,Northern,AUS-SYD,Standard,Sydney,10,313.57,39.07
2025-02-07,Pacific,AUS-BNE,Express,Brisbane,11,303.8,29.96
2025-02-08,Atlas,NZ-AKL,Priority,Port Moresby,12,313.4,27.06
2025-02-09,Coastal,PNG-NCD,Standard,Lae,13,348.3,22.31
2025-02-10,Northern,PNG-LAE,Express,Sydney,14,339.24,11.31
2025-02-11,Pacific,AUS-SYD,Priority,Brisbane,15,326.12,4.89
2025-02-12,Atlas,AUS-BNE,Standard,Port Moresby,16,319.3,29.7
2025-02-13,Coastal,NZ-AKL,Express,Lae,17,323.5,21.79
2025-02-14,Northern,PNG-NCD,Priority,Sydney,18,373.48,18.16
2025-02-15,Pacific,PNG-LAE,Standard,Brisbane,19,367.73,34.62
2025-02-16,Atlas,AUS-SYD,Express,Port Moresby,20,353.18,28.12
2025-02-17,Coastal,AUS-BNE,Priority,Lae,21,404.88,30.22
2025-02-18,Northern,NZ-AKL,Standard,Sydney,22,392.78,26.7
2025-02-19,Pacific,PNG-NCD,Express,Brisbane,23,422.52,15.81
2025-02-20,Atlas,PNG-LAE,Priority,Port Moresby,8,290.49,9.0
2025-02-21,Coastal,AUS-SYD,Standard,Lae,9,302.01,37.09
2025-02-22,Northern,AUS-BNE,Express,Sydney,10,316.4,13.84
2025-02-23,Pacific,NZ-AKL,Priority,Brisbane,11,326.86,10.57
2025-02-24,Atlas,PNG-NCD,Standard,Port Moresby,12,308.49,40.24
2025-02-25,Coastal,PNG-LAE,Express,Lae,13,338.62,37.41
2025-02-26,Northern,AUS-SYD,Priority,Sydney,14,342.52,24.77
2025-02-27,Pacific,AUS-BNE,Standard,Brisbane,15,372.11,18.88
2025-02-28,Atlas,NZ-AKL,Express,Port Moresby,16,375.83,21.72
2025-03-01,Coastal,PNG-NCD,Priority,Lae,17,359.16,15.09
2025-03-02,Northern,PNG-LAE,Standard,Sydney,18,385.4,28.91
2025-03-03,Pacific,AUS-SYD,Express,Brisbane,19,395.44,18.86
2025-03-04,Atlas,AUS-BNE,Priority,Port Moresby,20,379.82,19.67
2025-03-05,Coastal,NZ-AKL,Standard,Lae,21,365.59,39.5
2025-03-06,Northern,PNG-NCD,Express,Sydney,22,359.25,19.86
2025-03-07,Pacific,PNG-LAE,Priority,Brisbane,23,358.75,22.57
2025-03-08,Atlas,AUS-SYD,Standard,Port Moresby,8,301.04,21.8
2025-03-09,Coastal,AUS-BNE,Express,Lae,9,303.76,20.22
2025-03-10,Northern,NZ-AKL,Priority,Sydney,10,298.61,9.03
2025-03-11,Pacific,PNG-NCD,Standard,Brisbane,11,310.66,36.07
2025-03-12,Atlas,PNG-LAE,Express,Port Moresby,12,345.88,14.63
2025-03-13,Coastal,AUS-SYD,Priority,Lae,13,361.02,17.55
2025-03-14,Northern,AUS-BNE,Standard,Sydney,14,369.13,42.31
2025-03-15,Pacific,NZ-AKL,Express,Brisbane,15,338.36,23.51
2025-03-16,Atlas,PNG-NCD,Priority,Port Moresby,16,309.55,17.8
2025-03-17,Coastal,PNG-LAE,Standard,Lae,17,347.38,24.66
2025-03-18,Northern,AUS-SYD,Express,Sydney,18,327.68,18.73
2025-03-19,Pacific,AUS-BNE,Priority,Brisbane,19,357.62,7.02
2025-03-20,Atlas,NZ-AKL,Standard,Port Moresby,20,357.95,34.75
2025-03-21,Coastal,PNG-NCD,Express,Lae,21,359.6,21.67
2025-03-22,Northern,PNG-LAE,Priority,Sydney,22,382.91,24.68
2025-03-23,Pacific,AUS-SYD,Standard,Brisbane,23,417.73,32.14
2025-03-24,Atlas,AUS-BNE,Express,Port Moresby,8,316.89,31.91
2025-03-25,Coastal,NZ-AKL,Priority,Lae,9,312.14,22.63
2025-03-26,Northern,PNG-NCD,Standard,Sydney,10,312.88,23.88
2025-03-27,Pacific,PNG-LAE,Express,Brisbane,11,283.66,10.81
2025-03-28,Atlas,AUS-SYD,Priority,Port Moresby,12,285.35,19.87
2025-03-29,Coastal,AUS-BNE,Standard,Lae,13,340.88,35.61
2025-03-30,Northern,NZ-AKL,Express,Sydney,14,337.43,20.29
2025-03-31,Pacific,PNG-NCD,Priority,Brisbane,15,340.76,27.5
2025-04-01,Atlas,PNG-LAE,Standard,Port Moresby,16,375.79,38.48
2025-04-02,Coastal,AUS-SYD,Express,Lae,17,377.72,25.54
2025-04-03,Northern,AUS-BNE,Priority,Sydney,18,367.9,19.89
2025-04-04,Pacific,NZ-AKL,Standard,Brisbane,19,376.21,25.58
2025-04-05,Atlas,PNG-NCD,Express,Port Moresby,20,392.04,20.69
2025-04-06,Coastal,PNG-LAE,Priority,Lae,21,393.04,15.54
2025-04-07,Northern,AUS-SYD,Standard,Sydney,22,387.32,35.67
2025-04-08,Pacific,AUS-BNE,Express,Brisbane,23,384.43,30.02
2025-04-09,Atlas,NZ-AKL,Priority,Port Moresby,8,290.65,12.41
2025-04-10,Coastal,PNG-NCD,Standard,Lae,9,283.86,30.06
2025-04-11,Northern,PNG-LAE,Express,Sydney,10,316.57,36.4
2025-04-12,Pacific,AUS-SYD,Priority,Brisbane,11,338.09,18.86
2025-04-13,Atlas,AUS-BNE,Standard,Port Moresby,12,341.85,15.43
2025-04-14,Coastal,NZ-AKL,Express,Lae,13,327.27,17.53
2025-04-15,Northern,PNG-NCD,Priority,Sydney,14,356.16,18.53
2025-04-16,Pacific,PNG-LAE,Standard,Brisbane,15,343.85,32.91
2025-04-17,Atlas,AUS-SYD,Express,Port Moresby,16,383.84,22.66
2025-04-18,Coastal,AUS-BNE,Priority,Lae,17,336.87,25.65
2025-04-19,Northern,NZ-AKL,Standard,Sydney,18,339.31,43.63
2025-04-20,Pacific,PNG-NCD,Express,Brisbane,19,332.34,36.67
2025-04-21,Atlas,PNG-LAE,Priority,Port Moresby,20,394.91,19.31
2025-04-22,Coastal,AUS-SYD,Standard,Lae,21,407.48,20.62
2025-04-23,Northern,AUS-BNE,Express,Sydney,22,376.34,16.28
2025-04-24,Pacific,NZ-AKL,Priority,Brisbane,23,384.75,19.27
2025-04-25,Atlas,PNG-NCD,Standard,Port Moresby,8,310.36,33.16
2025-04-26,Coastal,PNG-LAE,Express,Lae,9,311.44,22.21
2025-04-27,Northern,AUS-SYD,Priority,Sydney,10,320.76,14.71
2025-04-28,Pacific,AUS-BNE,Standard,Brisbane,11,339.7,35.35
2025-04-29,Atlas,NZ-AKL,Express,Port Moresby,12,283.42,37.46
2025-04-30,Coastal,PNG-NCD,Priority,Lae,13,314.32,32.32
2025-05-01,Northern,PNG-LAE,Standard,Sydney,14,349.29,18.67
2025-05-02,Pacific,AUS-SYD,Express,Brisbane,15,332.27,15.53
2025-05-03,Atlas,AUS-BNE,Priority,Port Moresby,16,332.17,5.43
2025-05-04,Coastal,NZ-AKL,Standard,Lae,17,344.84,36.03
2025-05-05,Northern,PNG-NCD,Express,Sydney,18,372.85,20.12
2025-05-06,Pacific,PNG-LAE,Priority,Brisbane,19,359.88,15.94
2025-05-07,Atlas,AUS-SYD,Standard,Port Moresby,20,382.89,41.4
2025-05-08,Coastal,AUS-BNE,Express,Lae,21,399.96,31.58
2025-05-09,Northern,NZ-AKL,Priority,Sydney,22,420.67,21.83
2025-05-10,Pacific,PNG-NCD,Standard,Brisbane,23,394.69,29.4
2025-05-11,Atlas,PNG-LAE,Express,Port Moresby,8,291.29,14.23
2025-05-12,Coastal,AUS-SYD,Priority,Lae,9,275.75,17.11
2025-05-13,Northern,AUS-BNE,Standard,Sydney,10,286.31,32.17
2025-05-14,Pacific,NZ-AKL,Express,Brisbane,11,314.36,29.1
2025-05-15,Atlas,PNG-NCD,Priority,Port Moresby,12,327.82,21.55
2025-05-16,Coastal,PNG-LAE,Standard,Lae,13,311.73,27.01
2025-05-17,Northern,AUS-SYD,Express,Sydney,14,365.57,36.81
2025-05-18,Pacific,AUS-BNE,Priority,Brisbane,15,366.25,30.96
2025-05-19,Atlas,NZ-AKL,Standard,Port Moresby,16,362.68,27.17
2025-05-20,Coastal,PNG-NCD,Express,Lae,17,363.23,18.13
2025-05-21,Northern,PNG-LAE,Priority,Sydney,18,317.5,11.9
2025-05-22,Pacific,AUS-SYD,Standard,Brisbane,19,348.03,30.32
2025-05-23,Atlas,AUS-BNE,Express,Port Moresby,20,374.67,23.7
2025-05-24,Coastal,NZ-AKL,Priority,Lae,21,375.08,18.78
2025-05-25,Northern,PNG-NCD,Standard,Sydney,22,359.36,36.33
2025-05-26,Pacific,PNG-LAE,Express,Brisbane,23,370.15,29.33
2025-05-27,Atlas,AUS-SYD,Priority,Port Moresby,8,291.11,34.79
2025-05-28,Coastal,AUS-BNE,Standard,Lae,9,287.44,26.64
2025-05-29,Northern,NZ-AKL,Express,Sydney,10,334.07,19.91
2025-05-30,Pacific,PNG-NCD,Priority,Brisbane,11,357.54,4.73
2025-05-31,Atlas,PNG-LAE,Standard,Port Moresby,12,323.3,21.88
2025-06-01,Coastal,AUS-SYD,Express,Lae,13,295.06,22.08
2025-06-02,Northern,AUS-BNE,Priority,Sydney,14,339.84,14.81
2025-06-03,Pacific,NZ-AKL,Standard,Brisbane,15,327.33,33.11
2025-06-04,Atlas,PNG-NCD,Express,Port Moresby,16,338.33,29.97
2025-06-05,Coastal,PNG-LAE,Priority,Lae,17,380.96,21.27
2025-06-06,Northern,AUS-SYD,Standard,Sydney,18,374.62,27.26
2025-06-07,Pacific,AUS-BNE,Express,Brisbane,19,383.46,20.85
2025-06-08,Atlas,NZ-AKL,Priority,Port Moresby,20,399.78,4.48
2025-06-09,Coastal,PNG-NCD,Standard,Lae,21,389.36,29.15
2025-06-10,Northern,PNG-LAE,Express,Sydney,22,382.09,12.77
2025-06-11,Pacific,AUS-SYD,Priority,Brisbane,23,398.93,19.0
2025-06-12,Atlas,AUS-BNE,Standard,Port Moresby,8,275.87,40.52
2025-06-13,Coastal,NZ-AKL,Express,Lae,9,293.62,35.24
2025-06-14,Northern,PNG-NCD,Priority,Sydney,10,278.24,26.71
2025-06-15,Pacific,PNG-LAE,Standard,Brisbane,11,285.84,15.81
2025-06-16,Atlas,AUS-SYD,Express,Port Moresby,12,341.75,21.38
2025-06-17,Coastal,AUS-BNE,Priority,Lae,13,330.65,3.64
2025-06-18,Northern,NZ-AKL,Standard,Sydney,14,319.09,35.86
2025-06-19,Pacific,PNG-NCD,Express,Brisbane,15,374.96,22.74
2025-06-20,Atlas,PNG-LAE,Priority,Port Moresby,16,337.81,26.72
2025-06-21,Coastal,AUS-SYD,Standard,Lae,17,363.8,43.71
2025-06-22,Northern,AUS-BNE,Express,Sydney,18,389.29,33.34
2025-06-23,Pacific,NZ-AKL,Priority,Brisbane,19,362.7,24.37
2024-01-01,Atlas,PNG-NCD,Standard,Port Moresby,20,338.23,14.92
2024-01-02,Coastal,PNG-LAE,Express,Lae,21,357.73,20.42
2024-01-03,Northern,AUS-SYD,Priority,Sydney,22,376.4,18.94
2024-01-04,Pacific,AUS-BNE,Standard,Brisbane,23,383.75,32.8
2024-01-05,Atlas,NZ-AKL,Express,Port Moresby,8,279.7,30.39
2024-01-06,Coastal,PNG-NCD,Priority,Lae,9,322.33,19.01
2024-01-07,Northern,PNG-LAE,Standard,Sydney,10,346.59,27.37
2024-01-08,Pacific,AUS-SYD,Express,Brisbane,11,327.54,34.9
2024-01-09,Atlas,AUS-BNE,Priority,Port Moresby,12,332.73,31.04
2024-01-10,Coastal,NZ-AKL,Standard,Lae,13,377.02,19.14
2024-01-11,Northern,PNG-NCD,Express,Sydney,14,333.55,5.93
2024-01-12,Pacific,PNG-LAE,Priority,Brisbane,15,316.53,20.67
2024-01-13,Atlas,AUS-SYD,Standard,Port Moresby,16,338.98,25.6
2024-01-14,Coastal,AUS-BNE,Express,Lae,17,374.26,20.37
2024-01-15,Northern,NZ-AKL,Priority,Sydney,18,370.38,21.89
2024-01-16,Pacific,PNG-NCD,Standard,Brisbane,19,348.21,37.54
2024-01-17,Atlas,PNG-LAE,Express,Port Moresby,20,397.89,32.64
2024-01-18,Coastal,AUS-SYD,Priority,Lae,21,369.01,19.98
2024-01-19,Northern,AUS-BNE,Standard,Sydney,22,414.14,23.41
2024-01-20,Pacific,NZ-AKL,Express,Brisbane,23,426.18,11.1
2024-01-21,Atlas,PNG-NCD,Priority,Port Moresby,8,297.86,2.89
2024-01-22,Coastal,PNG-LAE,Standard,Lae,9,275.45,25.68
2024-01-23,Northern,AUS-SYD,Express,Sydney,10,283.84,14.99
2024-01-24,Pacific,AUS-BNE,Priority,Brisbane,11,289.81,18.08
2024-01-25,Atlas,NZ-AKL,Standard,Port Moresby,12,320.51,33.74
2024-01-26,Coastal,PNG-NCD,Express,Lae,13,301.94,26.17
2024-01-27,Northern,PNG-LAE,Priority,Sydney,14,316.12,27.96
2024-01-28,Pacific,AUS-SYD,Standard,Brisbane,15,339.34,18.93
2024-01-29,Atlas,AUS-BNE,Express,Port Moresby,16,348.05,12.38
2024-01-30,Coastal,NZ-AKL,Priority,Lae,17,347.16,19.02
2024-01-31,Northern,PNG-NCD,Standard,Sydney,18,402.79,36.81
2024-02-01,Pacific,PNG-LAE,Express,Brisbane,19,394.96,15.65
2024-02-02,Atlas,AUS-SYD,Priority,Port Moresby,20,350.94,12.5
2024-02-03,Coastal,AUS-BNE,Standard,Lae,21,357.06,35.28
2024-02-04,Northern,NZ-AKL,Express,Sydney,22,354.48,27.62
2024-02-05,Pacific,PNG-NCD,Priority,Brisbane,23,384.66,25.92
2024-02-06,Atlas,PNG-LAE,Standard,Port Moresby,8,272.23,16.53
2024-02-07,Coastal,AUS-SYD,Express,Lae,9,292.06,16.65
2024-02-08,Northern,AUS-BNE,Priority,Sydney,10,321.66,6.32
2024-02-09,Pacific,NZ-AKL,Standard,Brisbane,11,305.38,24.68
2024-02-10,Atlas,PNG-NCD,Express,Port Moresby,12,362.19,18.58
2024-02-11,Coastal,PNG-LAE,Priority,Lae,13,354.61,24.47
2024-02-12,Northern,AUS-SYD,Standard,Sydney,14,349.12,32.43
2024-02-13,Pacific,AUS-BNE,Express,Brisbane,15,342.35,35.27
2024-02-14,Atlas,NZ-AKL,Priority,Port Moresby,16,361.58,19.65
2024-02-15,Coastal,PNG-NCD,Standard,Lae,17,336.14,29.05
2024-02-16,Northern,PNG-LAE,Express,Sydney,18,340.05,11.06
2024-02-17,Pacific,AUS-SYD,Priority,Brisbane,19,392.55,20.24
2024-02-18,Atlas,AUS-BNE,Standard,Port Moresby,20,366.03,31.71
2024-02-19,Coastal,NZ-AKL,Express,Lae,21,387.51,22.97
2024-02-20,Northern,PNG-NCD,Priority,Sydney,22,384.33,16.77
2024-02-21,Pacific,PNG-LAE,Standard,Brisbane,23,426.41,33.47
2024-02-22,Atlas,AUS-SYD,Express,Port Moresby,8,294.26,29.95
2024-02-23,Coastal,AUS-BNE,Priority,Lae,9,331.07,27.02
2024-02-24,Northern,NZ-AKL,Standard,Sydney,10,302.49,21.9
2024-02-25,Pacific,PNG-NCD,Express,Brisbane,11,327.92,13.71
2024-02-26,Atlas,PNG-LAE,Priority,Port Moresby,12,324.96,10.69
2024-02-27,Coastal,AUS-SYD,Standard,Lae,13,312.52,31.67
2024-02-28,Northern,AUS-BNE,Express,Sydney,14,352.04,26.92
2024-02-29,Pacific,NZ-AKL,Priority,Brisbane,15,340.0,18.99
2024-03-01,Atlas,PNG-NCD,Standard,Port Moresby,16,362.83,30.76
2024-03-02,Coastal,PNG-LAE,Express,Lae,17,374.73,32.67
2024-03-03,Northern,AUS-SYD,Priority,Sydney,18,392.4,18.53
2024-03-04,Pacific,AUS-BNE,Standard,Brisbane,19,413.99,20.63
2024-03-05,Atlas,NZ-AKL,Express,Port Moresby,20,392.04,14.52
2024-03-06,Coastal,PNG-NCD,Priority,Lae,21,387.12,15.25
2024-03-07,Northern,PNG-LAE,Standard,Sydney,22,376.9,33.43
2024-03-08,Pacific,AUS-SYD,Express,Brisbane,23,377.27,28.72
2024-03-09,Atlas,AUS-BNE,Priority,Port Moresby,8,293.53,21.49
2024-03-10,Coastal,NZ-AKL,Standard,Lae,9,279.17,40.24
2024-03-11,Northern,PNG-NCD,Express,Sydney,10,321.17,26.19
2024-03-12,Pacific,PNG-LAE,Priority,Brisbane,11,331.08,18.0
2024-03-13,Atlas,AUS-SYD,Standard,Port Moresby,12,360.1,24.19
2024-03-14,Coastal,AUS-BNE,Express,Lae,13,338.48,18.95
2024-03-15,Northern,NZ-AKL,Priority,Sydney,14,380.11,10.55
2024-03-16,Pacific,PNG-NCD,Standard,Brisbane,15,338.08,23.86
2024-03-17,Atlas,PNG-LAE,Express,Port Moresby,16,332.09,21.94
2024-03-18,Coastal,AUS-SYD,Priority,Lae,17,346.43,20.35
2024-03-19,Northern,AUS-BNE,Standard,Sydney,18,349.52,33.44
2024-03-20,Pacific,NZ-AKL,Express,Brisbane,19,377.98,30.39
2024-03-21,Atlas,PNG-NCD,Priority,Port Moresby,20,373.53,23.41
2024-03-22,Coastal,PNG-LAE,Standard,Lae,21,357.85,13.88
2024-03-23,Northern,AUS-SYD,Express,Sydney,22,389.88,22.71
2024-03-24,Pacific,AUS-BNE,Priority,Brisbane,23,383.88,19.73
2024-03-25,Atlas,NZ-AKL,Standard,Port Moresby,8,291.79,24.81
2024-03-26,Coastal,PNG-NCD,Express,Lae,9,319.54,16.32
2024-03-27,Northern,PNG-LAE,Priority,Sydney,10,331.56,18.57
2024-03-28,Pacific,AUS-SYD,Standard,Brisbane,11,295.6,38.94
2024-03-29,Atlas,AUS-BNE,Express,Port Moresby,12,299.54,25.2
2024-03-30,Coastal,NZ-AKL,Priority,Lae,13,337.06,19.27
2024-03-31,Northern,PNG-NCD,Standard,Sydney,14,349.7,23.66
2024-04-01,Pacific,PNG-LAE,Express,Brisbane,15,350.74,8.36
2024-04-02,Atlas,AUS-SYD,Priority,Port Moresby,16,378.11,7.19
2024-04-03,Coastal,AUS-BNE,Standard,Lae,17,344.09,22.08
2024-04-04,Northern,NZ-AKL,Express,Sydney,18,375.79,29.85
2024-04-05,Pacific,PNG-NCD,Priority,Brisbane,19,368.25,17.29
2024-04-06,Atlas,PNG-LAE,Standard,Port Moresby,20,376.14,37.93
2024-04-07,Coastal,AUS-SYD,Express,Lae,21,400.27,20.33
2024-04-08,Northern,AUS-BNE,Priority,Sydney,22,376.78,20.75
2024-04-09,Pacific,NZ-AKL,Standard,Brisbane,23,386.07,19.0
2024-04-10,Atlas,PNG-NCD,Express,Port Moresby,8,298.76,9.1
2024-04-11,Coastal,PNG-LAE,Priority,Lae,9,311.88,17.36
2024-04-12,Northern,AUS-SYD,Standard,Sydney,10,284.44,21.03
2024-04-13,Pacific,AUS-BNE,Express,Brisbane,11,339.46,15.97
2024-04-14,Atlas,NZ-AKL,Priority,Port Moresby,12,319.93,18.24
2024-04-15,Coastal,PNG-NCD,Standard,Lae,13,326.93,41.93
2024-04-16,Northern,PNG-LAE,Express,Sydney,14,352.02,31.3
2024-04-17,Pacific,AUS-SYD,Priority,Brisbane,15,366.33,28.2
2024-04-18,Atlas,AUS-BNE,Standard,Port Moresby,16,376.29,18.26
2024-04-19,Coastal,NZ-AKL,Express,Lae,17,357.0,16.51
2024-04-20,Northern,PNG-NCD,Priority,Sydney,18,365.76,15.51
2024-04-21,Pacific,PNG-LAE,Standard,Brisbane,19,347.86,30.26
2024-04-22,Atlas,AUS-SYD,Express,Port Moresby,20,346.66,15.01
2024-04-23,Coastal,AUS-BNE,Priority,Lae,21,358.98,15.5
2024-04-24,Northern,NZ-AKL,Standard,Sydney,22,373.07,38.88
2024-04-25,Pacific,PNG-NCD,Express,Brisbane,23,401.6,27.33
2024-04-26,Atlas,PNG-LAE,Priority,Port Moresby,8,287.58,24.11
2024-04-27,Coastal,AUS-SYD,Standard,Lae,9,300.72,23.44
2024-04-28,Northern,AUS-BNE,Express,Sydney,10,339.14,17.01
2024-04-29,Pacific,NZ-AKL,Priority,Brisbane,11,366.49,12.79
2024-04-30,Atlas,PNG-NCD,Standard,Port Moresby,12,304.93,21.73
2024-05-01,Coastal,PNG-LAE,Express,Lae,13,305.8,20.72
2024-05-02,Northern,AUS-SYD,Priority,Sydney,14,301.95,16.46
2024-05-03,Pacific,AUS-BNE,Standard,Brisbane,15,310.03,28.86
2024-05-04,Atlas,NZ-AKL,Express,Port Moresby,16,364.84,37.15
2024-05-05,Coastal,PNG-NCD,Priority,Lae,17,358.3,26.11
2024-05-06,Northern,PNG-LAE,Standard,Sydney,18,378.66,19.48
2024-05-07,Pacific,AUS-SYD,Express,Brisbane,19,397.69,14.2
2024-05-08,Atlas,AUS-BNE,Priority,Port Moresby,20,366.55,3.36
2024-05-09,Coastal,NZ-AKL,Standard,Lae,21,414.36,24.46
2024-05-10,Northern,PNG-NCD,Express,Sydney,22,398.12,22.28
2024-05-11,Pacific,PNG-LAE,Priority,Brisbane,23,358.75,18.23
2024-05-12,Atlas,AUS-SYD,Standard,Port Moresby,8,296.84,40.19
2024-05-13,Coastal,AUS-BNE,Express,Lae,9,296.73,21.84
2024-05-14,Northern,NZ-AKL,Priority,Sydney,10,283.28,31.15
2024-05-15,Pacific,PNG-NCD,Standard,Brisbane,11,332.78,18.6
2024-05-16,Atlas,PNG-LAE,Express,Port Moresby,12,343.24,6.15
2024-05-17,Coastal,AUS-SYD,Priority,Lae,13,348.04,12.63
2024-05-18,Northern,AUS-BNE,Standard,Sydney,14,373.44,21.04
2024-05-19,Pacific,NZ-AKL,Express,Brisbane,15,375.15,26.12
2024-05-20,Atlas,PNG-NCD,Priority,Port Moresby,16,356.37,27.99
2024-05-21,Coastal,PNG-LAE,Standard,Lae,17,375.24,32.67
2024-05-22,Northern,AUS-SYD,Express,Sydney,18,361.92,27.7
2024-05-23,Pacific,AUS-BNE,Priority,Brisbane,19,382.17,31.16
2024-05-24,Atlas,NZ-AKL,Standard,Port Moresby,20,351.03,26.59
2024-05-25,Coastal,PNG-NCD,Express,Lae,21,380.84,11.71
2024-05-26,Northern,PNG-LAE,Priority,Sydney,22,398.09,14.19
2024-05-27,Pacific,AUS-SYD,Standard,Brisbane,23,378.63,21.71
2024-05-28,Atlas,AUS-BNE,Express,Port Moresby,8,287.36,16.32
2024-05-29,Coastal,NZ-AKL,Priority,Lae,9,289.76,16.31
2024-05-30,Northern,PNG-NCD,Standard,Sydney,10,312.46,36.1
2024-05-31,Pacific,PNG-LAE,Express,Brisbane,11,325.3,32.47
2024-06-01,Atlas,AUS-SYD,Priority,Port Moresby,12,333.91,22.01
2024-06-02,Coastal,AUS-BNE,Standard,Lae,13,331.69,29.74
2024-06-03,Northern,NZ-AKL,Express,Sydney,14,332.36,7.11
2024-06-04,Pacific,PNG-NCD,Priority,Brisbane,15,358.45,16.94
2024-06-05,Atlas,PNG-LAE,Standard,Port Moresby,16,366.53,37.06
2024-06-06,Coastal,AUS-SYD,Express,Lae,17,374.19,14.88
2024-06-07,Northern,AUS-BNE,Priority,Sydney,18,384.63,14.49
2024-06-08,Pacific,NZ-AKL,Standard,Brisbane,19,386.63,41.31
2024-06-09,Atlas,PNG-NCD,Express,Port Moresby,20,399.88,31.97
2024-06-10,Coastal,PNG-LAE,Priority,Lae,21,395.42,27.59
2024-06-11,Northern,AUS-SYD,Standard,Sydney,22,393.78,19.46
2024-06-12,Pacific,AUS-BNE,Express,Brisbane,23,414.36,16.81
2024-06-13,Atlas,NZ-AKL,Priority,Port Moresby,8,300.41,4.48
2024-06-14,Coastal,PNG-NCD,Standard,Lae,9,290.86,24.21
2024-06-15,Northern,PNG-LAE,Express,Sydney,10,324.5,19.24
2024-06-16,Pacific,AUS-SYD,Priority,Brisbane,11,335.76,15.89
2024-06-17,Atlas,AUS-BNE,Standard,Port Moresby,12,294.14,40.33
2024-06-18,Coastal,NZ-AKL,Express,Lae,13,344.8,32.96
2024-06-19,Northern,PNG-NCD,Priority,Sydney,14,340.21,29.15
2024-06-20,Pacific,PNG-LAE,Standard,Brisbane,15,345.2,13.14
2024-06-21,Atlas,AUS-SYD,Express,Port Moresby,16,365.39,9.32
2024-06-22,Coastal,AUS-BNE,Priority,Lae,17,370.13,6.61
2024-06-23,Northern,NZ-AKL,Standard,Sydney,18,371.77,34.11
2024-06-24,Pacific,PNG-NCD,Express,Brisbane,19,342.08,23.0
2024-06-25,Atlas,PNG-LAE,Priority,Port Moresby,20,365.14,18.74
2024-06-26,Coastal,AUS-SYD,Standard,Lae,21,363.41,38.69
2024-06-27,Northern,AUS-BNE,Express,Sydney,22,357.66,21.59
2024-06-28,Pacific,NZ-AKL,Priority,Brisbane,23,408.61,25.47
2024-06-29,Atlas,PNG-NCD,Standard,Port Moresby,8,278.83,27.44
2024-06-30,Coastal,PNG-LAE,Express,Lae,9,306.77,5.41
2024-07-01,Northern,AUS-SYD,Priority,Sydney,10,345.69,6.44
2024-07-02,Pacific,AUS-BNE,Standard,Brisbane,11,341.37,21.57
2024-07-03,Atlas,NZ-AKL,Express,Port Moresby,12,349.75,15.46
2024-07-04,Coastal,PNG-NCD,Priority,Lae,13,375.8,14.93
2024-07-05,Northern,PNG-LAE,Standard,Sydney,14,327.0,30.91
2024-07-06,Pacific,AUS-SYD,Express,Brisbane,15,321.95,36.07
2024-07-07,Atlas,AUS-BNE,Priority,Port Moresby,16,321.1,24.33
2024-07-08,Coastal,NZ-AKL,Standard,Lae,17,339.3,24.59
2024-07-09,Northern,PNG-NCD,Express,Sydney,18,345.88,17.2
2024-07-10,Pacific,PNG-LAE,Priority,Brisbane,19,382.2,2.82
2024-07-11,Atlas,AUS-SYD,Standard,Port Moresby,20,380.22,21.59
2024-07-12,Coastal,AUS-BNE,Express,Lae,21,376.94,24.84
2024-07-13,Northern,NZ-AKL,Priority,Sydney,22,375.51,22.52
2024-07-14,Pacific,PNG-NCD,Standard,Brisbane,23,430.44,44.19
2024-07-15,Atlas,PNG-LAE,Express,Port Moresby,8,315.23,22.18
2024-07-16,Coastal,AUS-SYD,Priority,Lae,9,262.4,24.1
2024-07-17,Northern,AUS-BNE,Standard,Sydney,10,309.19,13.84
2024-07-18,Pacific,NZ-AKL,Express,Brisbane,11,296.73,21.26
2024-07-19,Atlas,PNG-NCD,Priority,Port Moresby,12,297.54,16.72
2024-07-20,Coastal,PNG-LAE,Standard,Lae,13,341.92,21.6
2024-07-21,Northern,AUS-SYD,Express,Sydney,14,365.61,15.17
2024-07-22,Pacific,AUS-BNE,Priority,Brisbane,15,350.68,10.15
2024-07-23,Atlas,NZ-AKL,Standard,Port Moresby,16,367.75,34.32
2024-07-24,Coastal,PNG-NCD,Express,Lae,17,382.23,31.11
2024-07-25,Northern,PNG-LAE,Priority,Sydney,18,361.33,24.61
2024-07-26,Pacific,AUS-SYD,Standard,Brisbane,19,401.26,27.48
2024-07-27,Atlas,AUS-BNE,Express,Port Moresby,20,334.77,7.21
2024-07-28,Coastal,NZ-AKL,Priority,Lae,21,381.88,13.41
2024-07-29,Northern,PNG-NCD,Standard,Sydney,22,372.12,36.54
2024-07-30,Pacific,PNG-LAE,Express,Brisbane,23,378.8,15.12
2024-07-31,Atlas,AUS-SYD,Priority,Port Moresby,8,283.23,11.52
2024-08-01,Coastal,AUS-BNE,Standard,Lae,9,308.94,37.2
2024-08-02,Northern,NZ-AKL,Express,Sydney,10,322.42,33.82
2024-08-03,Pacific,PNG-NCD,Priority,Brisbane,11,337.48,32.46
2024-08-04,Atlas,PNG-LAE,Standard,Port Moresby,12,346.21,17.43
2024-08-05,Coastal,AUS-SYD,Express,Lae,13,348.98,14.57
2024-08-06,Northern,AUS-BNE,Priority,Sydney,14,372.13,8.12
2024-08-07,Pacific,NZ-AKL,Standard,Brisbane,15,300.5,35.36
2024-08-08,Atlas,PNG-NCD,Express,Port Moresby,16,360.51,21.51
2024-08-09,Coastal,PNG-LAE,Priority,Lae,17,324.7,18.99
2024-08-10,Northern,AUS-SYD,Standard,Sydney,18,361.67,35.91
2024-08-11,Pacific,AUS-BNE,Express,Brisbane,19,393.27,37.56
2024-08-12,Atlas,NZ-AKL,Priority,Port Moresby,20,401.37,19.58
2024-08-13,Coastal,PNG-NCD,Standard,Lae,21,407.84,22.23
2024-08-14,Northern,PNG-LAE,Express,Sydney,22,391.1,17.69
2024-08-15,Pacific,AUS-SYD,Priority,Brisbane,23,423.45,19.98
2024-08-16,Atlas,AUS-BNE,Standard,Port Moresby,8,330.37,19.5
2024-08-17,Coastal,NZ-AKL,Express,Lae,9,302.21,17.32
2024-08-18,Northern,PNG-NCD,Priority,Sydney,10,267.19,11.09
2024-08-19,Pacific,PNG-LAE,Standard,Brisbane,11,318.91,35.52
2024-08-20,Atlas,AUS-SYD,Express,Port Moresby,12,320.57,28.82
2024-08-21,Coastal,AUS-BNE,Priority,Lae,13,319.35,29.83
2024-08-22,Northern,NZ-AKL,Standard,Sydney,14,311.53,21.66
2024-08-23,Pacific,PNG-NCD,Express,Brisbane,15,351.38,10.39
2024-08-24,Atlas,PNG-LAE,Priority,Port Moresby,16,345.04,12.0
2024-08-25,Coastal,AUS-SYD,Standard,Lae,17,349.68,33.75
2024-08-26,Northern,AUS-BNE,Express,Sydney,18,378.5,19.63
2024-08-27,Pacific,NZ-AKL,Priority,Brisbane,19,394.39,25.02
2024-08-28,Atlas,PNG-NCD,Standard,Port Moresby,20,407.46,27.59
2024-08-29,Coastal,PNG-LAE,Express,Lae,21,374.93,32.94
2024-08-30,Northern,AUS-SYD,Priority,Sydney,22,393.56,18.24
2024-08-31,Pacific,AUS-BNE,Standard,Brisbane,23,362.24,19.82
2024-09-01,Atlas,NZ-AKL,Express,Port Moresby,8,288.94,16.36
2024-09-02,Coastal,PNG-NCD,Priority,Lae,9,291.51,16.15
2024-09-03,Northern,PNG-LAE,Standard,Sydney,10,325.74,21.35
2024-09-04,Pacific,AUS-SYD,Express,Brisbane,11,334.43,25.23
2024-09-05,Atlas,AUS-BNE,Priority,Port Moresby,12,315.01,27.15
2024-09-06,Coastal,NZ-AKL,Standard,Lae,13,345.27,40.49
2024-09-07,Northern,PNG-NCD,Express,Sydney,14,366.64,22.81
2024-09-08,Pacific,PNG-LAE,Priority,Brisbane,15,344.48,31.26
2024-09-09,Atlas,AUS-SYD,Standard,Port Moresby,16,318.78,27.96
2024-09-10,Coastal,AUS-BNE,Express,Lae,17,356.93,5.93
2024-09-11,Northern,NZ-AKL,Priority,Sydney,18,369.39,7.7
2024-09-12,Pacific,PNG-NCD,Standard,Brisbane,19,339.01,32.02
2024-09-13,Atlas,PNG-LAE,Express,Port Moresby,20,377.72,13.99
2024-09-14,Coastal,AUS-SYD,Priority,Lae,21,381.54,16.48
2024-09-15,Northern,AUS-BNE,Standard,Sydney,22,394.48,36.6
2024-09-16,Pacific,NZ-AKL,Express,Brisbane,23,397.72,24.39
2024-09-17,Atlas,PNG-NCD,Priority,Port Moresby,8,289.66,27.53
2024-09-18,Coastal,PNG-LAE,Standard,Lae,9,334.25,16.11
2024-09-19,Northern,AUS-SYD,Express,Sydney,10,332.99,6.19
2024-09-20,Pacific,AUS-BNE,Priority,Brisbane,11,318.96,7.2
2024-09-21,Atlas,NZ-AKL,Standard,Port Moresby,12,307.95,26.09
2024-09-22,Coastal,PNG-NCD,Express,Lae,13,300.75,29.36
2024-09-23,Northern,PNG-LAE,Priority,Sydney,14,350.16,19.95
2024-09-24,Pacific,AUS-SYD,Standard,Brisbane,15,363.77,39.73
2024-09-25,Atlas,AUS-BNE,Express,Port Moresby,16,347.07,25.59
2024-09-26,Coastal,NZ-AKL,Priority,Lae,17,357.39,30.17
2024-09-27,Northern,PNG-NCD,Standard,Sydney,18,359.92,13.4
2024-09-28,Pacific,PNG-LAE,Express,Brisbane,19,376.0,14.44
2024-09-29,Atlas,AUS-SYD,Priority,Port Moresby,20,415.61,6.03
2024-09-30,Coastal,AUS-BNE,Standard,Lae,21,420.74,36.87
2024-10-01,Northern,NZ-AKL,Express,Sydney,22,395.47,13.84
2024-10-02,Pacific,PNG-NCD,Priority,Brisbane,23,379.08,15.08
2024-10-03,Atlas,PNG-LAE,Standard,Port Moresby,8,306.47,32.29
2024-10-04,Coastal,AUS-SYD,Express,Lae,9,300.92,19.94
2024-10-05,Northern,AUS-BNE,Priority,Sydney,10,292.04,27.35
2024-10-06,Pacific,NZ-AKL,Standard,Brisbane,11,308.22,23.21
2024-10-07,Atlas,PNG-NCD,Express,Port Moresby,12,327.52,16.05
2024-10-08,Coastal,PNG-LAE,Priority,Lae,13,339.63,16.71
2024-10-09,Northern,AUS-SYD,Standard,Sydney,14,333.75,35.41
2024-10-10,Pacific,AUS-BNE,Express,Brisbane,15,375.33,17.01
2024-10-11,Atlas,NZ-AKL,Priority,Port Moresby,16,344.35,17.38
2024-10-12,Coastal,PNG-NCD,Standard,Lae,17,323.31,32.64
2024-10-13,Northern,PNG-LAE,Express,Sydney,18,367.18,35.59
2024-10-14,Pacific,AUS-SYD,Priority,Brisbane,19,383.8,17.23
2024-10-15,Atlas,AUS-BNE,Standard,Port Moresby,20,378.15,27.28
2024-10-16,Coastal,NZ-AKL,Express,Lae,21,392.5,7.27
2024-10-17,Northern,PNG-NCD,Priority,Sydney,22,392.14,7.09
2024-10-18,Pacific,PNG-LAE,Standard,Brisbane,23,400.56,20.28
2024-10-19,Atlas,AUS-SYD,Express,Port Moresby,8,334.83,25.41
2024-10-20,Coastal,AUS-BNE,Priority,Lae,9,295.62,26.58
2024-10-21,Northern,NZ-AKL,Standard,Sydney,10,350.35,35.76
2024-10-22,Pacific,PNG-NCD,Express,Brisbane,11,350.05,26.5
2024-10-23,Atlas,PNG-LAE,Priority,Port Moresby,12,331.6,18.73
2024-10-24,Coastal,AUS-SYD,Standard,Lae,13,293.76,14.4
2024-10-25,Northern,AUS-BNE,Express,Sydney,14,344.1,6.75
2024-10-26,Pacific,NZ-AKL,Priority,Brisbane,15,340.73,10.63
2024-10-27,Atlas,PNG-NCD,Standard,Port Moresby,16,373.03,23.46
2024-10-28,Coastal,PNG-LAE,Express,Lae,17,344.85,18.27
2024-10-29,Northern,AUS-SYD,Priority,Sydney,18,385.04,22.61
2024-10-30,Pacific,AUS-BNE,Standard,Brisbane,19,391.94,32.13
2024-10-31,Atlas,NZ-AKL,Express,Port Moresby,20,376.96,21.14
2024-11-01,Coastal,PNG-NCD,Priority,Lae,21,383.65,31.24
2024-11-02,Northern,PNG-LAE,Standard,Sydney,22,415.16,14.8
2024-11-03,Pacific,AUS-SYD,Express,Brisbane,23,358.54,13.79
2024-11-04,Atlas,AUS-BNE,Priority,Port Moresby,8,278.36,12.45
2024-11-05,Coastal,NZ-AKL,Standard,Lae,9,319.55,22.94
2024-11-06,Northern,PNG-NCD,Express,Sydney,10,293.96,17.37
2024-11-07,Pacific,PNG-LAE,Priority,Brisbane,11,294.1,12.84
2024-11-08,Atlas,AUS-SYD,Standard,Port Moresby,12,335.73,41.27
2024-11-09,Coastal,AUS-BNE,Express,Lae,13,346.83,20.53
2024-11-10,Northern,NZ-AKL,Priority,Sydney,14,364.98,23.1
2024-11-11,Pacific,PNG-NCD,Standard,Brisbane,15,334.52,16.47
2024-11-12,Atlas,PNG-LAE,Express,Port Moresby,16,359.57,14.64
2024-11-13,Coastal,AUS-SYD,Priority,Lae,17,387.75,7.48
2024-11-14,Northern,AUS-BNE,Standard,Sydney,18,371.49,19.76
2024-11-15,Pacific,NZ-AKL,Express,Brisbane,19,349.74,20.74
2024-11-16,Atlas,PNG-NCD,Priority,Port Moresby,20,379.14,14.5
2024-11-17,Coastal,PNG-LAE,Standard,Lae,21,373.91,40.87
2024-11-18,Northern,AUS-SYD,Express,Sydney,22,366.69,20.02
2024-11-19,Pacific,AUS-BNE,Priority,Brisbane,23,415.17,34.89
2024-11-20,Atlas,NZ-AKL,Standard,Port Moresby,8,283.19,26.83
2024-11-21,Coastal,PNG-NCD,Express,Lae,9,306.97,16.75
2024-11-22,Northern,PNG-LAE,Priority,Sydney,10,332.46,13.28
2024-11-23,Pacific,AUS-SYD,Standard,Brisbane,11,321.74,33.83
2024-11-24,Atlas,AUS-BNE,Express,Port Moresby,12,319.2,13.76
2024-11-25,Coastal,NZ-AKL,Priority,Lae,13,334.14,17.98
2024-11-26,Northern,PNG-NCD,Standard,Sydney,14,302.08,42.69
2024-11-27,Pacific,PNG-LAE,Express,Brisbane,15,351.11,25.77
2024-11-28,Atlas,AUS-SYD,Priority,Port Moresby,16,318.35,25.5
2024-11-29,Coastal,AUS-BNE,Standard,Lae,17,335.74,22.33
2024-11-30,Northern,NZ-AKL,Express,Sydney,18,382.19,12.51
2024-12-01,Pacific,PNG-NCD,Priority,Brisbane,19,349.12,15.1
2024-12-02,Atlas,PNG-LAE,Standard,Port Moresby,20,367.5,23.06
2024-12-03,Coastal,AUS-SYD,Express,Lae,21,378.79,17.64
2024-12-04,Northern,AUS-BNE,Priority,Sydney,22,427.59,10.62
2024-12-05,Pacific,NZ-AKL,Standard,Brisbane,23,423.55,30.82
2024-12-06,Atlas,PNG-NCD,Express,Port Moresby,8,268.23,27.22
2024-12-07,Coastal,PNG-LAE,Priority,Lae,9,292.79,18.3
2024-12-08,Northern,AUS-SYD,Standard,Sydney,10,288.39,14.47
2024-12-09,Pacific,AUS-BNE,Express,Brisbane,11,294.47,21.32
2024-12-10,Atlas,NZ-AKL,Priority,Port Moresby,12,322.92,14.15
2024-12-11,Coastal,PNG-NCD,Standard,Lae,13,348.62,33.51
2024-12-12,Northern,PNG-LAE,Express,Sydney,14,369.42,26.67
2024-12-13,Pacific,AUS-SYD,Priority,Brisbane,15,345.25,19.8
2024-12-14,Atlas,AUS-BNE,Standard,Port Moresby,16,362.66,42.83
2024-12-15,Coastal,NZ-AKL,Express,Lae,17,374.13,26.79
2024-12-16,Northern,PNG-NCD,Priority,Sydney,18,366.89,22.94
2024-12-17,Pacific,PNG-LAE,Standard,Brisbane,19,335.55,28.12
2024-12-18,Atlas,AUS-SYD,Express,Port Moresby,20,376.82,6.45
2024-12-19,Coastal,AUS-BNE,Priority,Lae,21,399.03,12.33
2024-12-20,Northern,NZ-AKL,Standard,Sydney,22,397.18,37.19
2024-12-21,Pacific,PNG-NCD,Express,Brisbane,23,419.07,14.4
2024-12-22,Atlas,PNG-LAE,Priority,Port Moresby,8,308.13,14.8
2024-12-23,Coastal,AUS-SYD,Standard,Lae,9,327.4,42.91
2024-12-24,Northern,AUS-BNE,Express,Sydney,10,296.07,37.74
2024-12-25,Pacific,NZ-AKL,Priority,Brisbane,11,315.57,32.44
2024-12-26,Atlas,PNG-NCD,Standard,Port Moresby,12,357.86,18.39
2024-12-27,Coastal,PNG-LAE,Express,Lae,13,370.66,20.61
2024-12-28,Northern,AUS-SYD,Priority,Sydney,14,300.69,13.47
2024-12-29,Pacific,AUS-BNE,Standard,Brisbane,15,345.84,31.76
2024-12-30,Atlas,NZ-AKL,Express,Port Moresby,16,362.27,13.11
2024-12-31,Coastal,PNG-NCD,Priority,Lae,17,361.03,27.06
2025-01-01,Northern,PNG-LAE,Standard,Sydney,18,364.0,36.54
2025-01-02,Pacific,AUS-SYD,Express,Brisbane,19,353.85,37.58
2025-01-03,Atlas,AUS-BNE,Priority,Port Moresby,20,402.49,26.06
2025-01-04,Coastal,NZ-AKL,Standard,Lae,21,381.5,20.83
2025-01-05,Northern,PNG-NCD,Express,Sydney,22,379.96,9.59
2025-01-06,Pacific,PNG-LAE,Priority,Brisbane,23,397.53,12.28
2025-01-07,Atlas,AUS-SYD,Standard,Port Moresby,8,292.04,35.72
2025-01-08,Coastal,AUS-BNE,Express,Lae,9,269.58,14.95
2025-01-09,Northern,NZ-AKL,Priority,Sydney,10,308.43,26.54
2025-01-10,Pacific,PNG-NCD,Standard,Brisbane,11,325.94,32.22
2025-01-11,Atlas,PNG-LAE,Express,Port Moresby,12,291.21,30.36
2025-01-12,Coastal,AUS-SYD,Priority,Lae,13,350.95,31.14
2025-01-13,Northern,AUS-BNE,Standard,Sydney,14,357.56,27.49
2025-01-14,Pacific,NZ-AKL,Express,Brisbane,15,374.33,12.12
2025-01-15,Atlas,PNG-NCD,Priority,Port Moresby,16,383.81,9.92
2025-01-16,Coastal,PNG-LAE,Standard,Lae,17,348.06,24.63
2025-01-17,Northern,AUS-SYD,Express,Sydney,18,360.5,15.44
2025-01-18,Pacific,AUS-BNE,Priority,Brisbane,19,415.68,24.25
2025-01-19,Atlas,NZ-AKL,Standard,Port Moresby,20,382.84,38.09
2025-01-20,Coastal,PNG-NCD,Express,Lae,21,350.08,37.24
2025-01-21,Northern,PNG-LAE,Priority,Sydney,22,389.15,33.92
2025-01-22,Pacific,AUS-SYD,Standard,Brisbane,23,404.78,16.02
2025-01-23,Atlas,AUS-BNE,Express,Port Moresby,8,300.39,8.56
2025-01-24,Coastal,NZ-AKL,Priority,Lae,9,295.38,15.19
2025-01-25,Northern,PNG-NCD,Standard,Sydney,10,296.0,32.32
2025-01-26,Pacific,PNG-LAE,Express,Brisbane,11,351.68,29.68
2025-01-27,Atlas,AUS-SYD,Priority,Port Moresby,12,331.54,27.9
2025-01-28,Coastal,AUS-BNE,Standard,Lae,13,373.59,26.98
2025-01-29,Northern,NZ-AKL,Express,Sydney,14,364.13,36.38
2025-01-30,Pacific,PNG-NCD,Priority,Brisbane,15,350.71,21.18
2025-01-31,Atlas,PNG-LAE,Standard,Port Moresby,16,339.11,28.86
2025-02-01,Coastal,AUS-SYD,Express,Lae,17,326.24,18.82
2025-02-02,Northern,AUS-BNE,Priority,Sydney,18,342.09,20.48
2025-02-03,Pacific,NZ-AKL,Standard,Brisbane,19,348.73,35.14
2025-02-04,Atlas,PNG-NCD,Express,Port Moresby,20,354.88,25.36
2025-02-05,Coastal,PNG-LAE,Priority,Lae,21,395.65,25.96
2025-02-06,Northern,AUS-SYD,Standard,Sydney,22,395.56,31.17
2025-02-07,Pacific,AUS-BNE,Express,Brisbane,23,395.22,21.02
2025-02-08,Atlas,NZ-AKL,Priority,Port Moresby,8,302.12,19.14
2025-02-09,Coastal,PNG-NCD,Standard,Lae,9,298.57,18.95
2025-02-10,Northern,PNG-LAE,Express,Sydney,10,305.29,22.84
2025-02-11,Pacific,AUS-SYD,Priority,Brisbane,11,324.15,11.68
2025-02-12,Atlas,AUS-BNE,Standard,Port Moresby,12,306.83,29.03
2025-02-13,Coastal,NZ-AKL,Express,Lae,13,302.08,21.23
2025-02-14,Northern,PNG-NCD,Priority,Sydney,14,354.52,21.72
2025-02-15,Pacific,PNG-LAE,Standard,Brisbane,15,355.29,29.33
2025-02-16,Atlas,AUS-SYD,Express,Port Moresby,16,332.05,35.02
2025-02-17,Coastal,AUS-BNE,Priority,Lae,17,354.72,22.94
2025-02-18,Northern,NZ-AKL,Standard,Sydney,18,401.34,13.34
2025-02-19,Pacific,PNG-NCD,Express,Brisbane,19,368.86,12.16
2025-02-20,Atlas,PNG-LAE,Priority,Port Moresby,20,410.26,12.65
2025-02-21,Coastal,AUS-SYD,Standard,Lae,21,385.9,20.88
2025-02-22,Northern,AUS-BNE,Express,Sydney,22,379.67,23.65
2025-02-23,Pacific,NZ-AKL,Priority,Brisbane,23,384.05,10.56
2025-02-24,Atlas,PNG-NCD,Standard,Port Moresby,8,315.83,29.37
2025-02-25,Coastal,PNG-LAE,Express,Lae,9,323.44,22.63
2025-02-26,Northern,AUS-SYD,Priority,Sydney,10,290.57,20.9
2025-02-27,Pacific,AUS-BNE,Standard,Brisbane,11,305.95,24.55
2025-02-28,Atlas,NZ-AKL,Express,Port Moresby,12,345.71,18.54
2025-03-01,Coastal,PNG-NCD,Priority,Lae,13,331.09,7.87
2025-03-02,Northern,PNG-LAE,Standard,Sydney,14,340.07,20.09
2025-03-03,Pacific,AUS-SYD,Express,Brisbane,15,368.95,27.72
2025-03-04,Atlas,AUS-BNE,Priority,Port Moresby,16,312.45,16.49
2025-03-05,Coastal,NZ-AKL,Standard,Lae,17,338.02,31.7
2025-03-06,Northern,PNG-NCD,Express,Sydney,18,361.41,30.6
2025-03-07,Pacific,PNG-LAE,Priority,Brisbane,19,346.48,17.66
2025-03-08,Atlas,AUS-SYD,Standard,Port Moresby,20,355.4,17.25
2025-03-09,Coastal,AUS-BNE,Express,Lae,21,361.01,20.59
2025-03-10,Northern,NZ-AKL,Priority,Sydney,22,383.96,9.95
2025-03-11,Pacific,PNG-NCD,Standard,Brisbane,23,404.4,31.1
2025-03-12,Atlas,PNG-LAE,Express,Port Moresby,8,289.01,22.39
2025-03-13,Coastal,AUS-SYD,Priority,Lae,9,304.67,25.94
2025-03-14,Northern,AUS-BNE,Standard,Sydney,10,325.32,34.42
2025-03-15,Pacific,NZ-AKL,Express,Brisbane,11,285.98,28.17
2025-03-16,Atlas,PNG-NCD,Priority,Port Moresby,12,294.44,22.03
2025-03-17,Coastal,PNG-LAE,Standard,Lae,13,295.89,25.54
2025-03-18,Northern,AUS-SYD,Express,Sydney,14,339.71,6.94
2025-03-19,Pacific,AUS-BNE,Priority,Brisbane,15,332.41,12.55
2025-03-20,Atlas,NZ-AKL,Standard,Port Moresby,16,377.39,29.82
2025-03-21,Coastal,PNG-NCD,Express,Lae,17,364.95,27.73
2025-03-22,Northern,PNG-LAE,Priority,Sydney,18,390.01,17.54
2025-03-23,Pacific,AUS-SYD,Standard,Brisbane,19,384.95,42.0
2025-03-24,Atlas,AUS-BNE,Express,Port Moresby,20,392.12,35.67
2025-03-25,Coastal,NZ-AKL,Priority,Lae,21,402.69,18.62
2025-03-26,Northern,PNG-NCD,Standard,Sydney,22,392.65,24.86
2025-03-27,Pacific,PNG-LAE,Express,Brisbane,23,381.12,21.61
2025-03-28,Atlas,AUS-SYD,Priority,Port Moresby,8,304.02,15.0
2025-03-29,Coastal,AUS-BNE,Standard,Lae,9,304.62,21.37
2025-03-30,Northern,NZ-AKL,Express,Sydney,10,322.65,15.71
2025-03-31,Pacific,PNG-NCD,Priority,Brisbane,11,345.64,27.5
2025-04-01,Atlas,PNG-LAE,Standard,Port Moresby,12,346.47,28.67
2025-04-02,Coastal,AUS-SYD,Express,Lae,13,335.79,37.59
2025-04-03,Northern,AUS-BNE,Priority,Sydney,14,346.95,35.15
2025-04-04,Pacific,NZ-AKL,Standard,Brisbane,15,368.0,27.01
